sequence,classification
UCAGACUUUU,RNA
KGGWFGKHRG,Hybrid
KGGWFGKHRG,Hybrid
UCCGUGAUAG,Hybrid
IVEGSDAEIG,Protein
CGTACXCATG,DNA
DIKMTQSPSS,Protein
GGCAATGAAG,DNA
GGGAUACUGC,RNA
AKGEFIRTKP,Hybrid
MVNAIRTPDQ,Protein
UCAGACUUUU,RNA
GUUGUUUUUU,Hybrid
GGAGTGCTTC,DNA
NNIIFSKQPD,Protein
CGUGACGUUA,RNA
PLREPRGLGP,Protein
GGUUAAGCGA,RNA
MPVDLSKWSG,Protein
UGCCUGGCGG,RNA
CTGACCTTTG,Hybrid
TTCCGGUGUA,Hybrid
GGAGUGCUUC,RNA
GCGAAUUCGC,RNA
GGGATACTGC,DNA
GGUCAAAAUG,Hybrid
NGATTATCTG,DNA
TGCCTGGCGG,DNA
GAACCGGUUC,RNA
CTCTCACTTC,DNA
GGAUGGUAGC,RNA
ACAUGAGGAU,Hybrid
AAAGATATCT,Hybrid
CUGACCUACA,RNA
GGCAACGGAT,DNA
GGTAGAGATG,DNA
GGGUCUUCGG,RNA
QVLFQGFNWE,Protein
TCAGACTTTT,DNA
AAAGATATCT,Hybrid
GCATGTGTAC,DNA
TSEECMHGSG,Protein
GGTTGGTGTG,DNA
GGCGTCACAC,DNA
TACGCAAACG,Hybrid
GCTCCAGATG,DNA
GGUUGGUGUG,RNA
EDTAKDNYGK,Hybrid
UCAGACUUUU,RNA
GGUAGGAUGG,RNA
GGCAAUGAAG,RNA
GGGUCUUCGG,RNA
ACAACUGCAG,RNA
CAGATAATCA,DNA
UCAGACUUUU,RNA
AAAGATATCT,Hybrid
SLRSDLINAL,Hybrid
UCAGACUUUU,RNA
TCCCGTTTCC,DNA
MEPNTPTART,Hybrid
AQVINTFDGV,Protein
GGGACCAGAA,RNA
GCAAAACGTC,Hybrid
QTVAIKMGAD,Protein
LDKQKELDSK,Hybrid
TSSVRESSFV,Protein
GCGAAUUCGC,RNA
ADVPAGVQLA,Protein
GGCAATGAAG,DNA
GGCAAUGAAG,RNA
EVKLQESGGD,Protein
LPQMTQQLNS,Protein
GGCAACGGAT,DNA
CTTCCTCATG,Hybrid
NVKCFNCGKE,Hybrid
TGCCTGGCGG,DNA
MIKSALLVLE,Protein
XDFLAEGGGV,Protein
XAEIAAIEYE,Protein
KGHLTRLGLE,Hybrid
AYMYRSAFSV,Protein
AQVINTFDGV,Protein
GGGATACTGC,DNA
MSKRKAPQET,Hybrid
AAKDVKFGND,Protein
CGCATTTTTG,DNA
GCAAAACGTC,Hybrid
VVGGFNCEKN,Protein
GGCAATGAAG,DNA
GGTTAAGCGA,DNA
GCATGCATAT,Hybrid
GGCACCTCCT,DNA
GGTTGGTGTG,DNA
UGCCUGGCGG,RNA
CTCGGCGCCA,DNA
NTKYNKEFLL,Hybrid
GAGAGAXUCU,RNA
MATVKFKYKG,Hybrid
CACCACCUGC,RNA
ATVKFKYKGE,Hybrid
TGCATTTACG,Hybrid
GAACCGGTTC,DNA
KEEHVIIQAE,Protein
CAGAUAAUCA,RNA
ANSERTFIAI,Protein
QYRIIDFKRD,Hybrid
CTGACCTTTG,Hybrid
XAPSYSPPPP,Protein
SIQAEEWYFG,Protein
GGCAACGGAU,RNA
CCGACCACGC,Hybrid
EDKCKKVYEN,Protein
GGTGCAGAAA,DNA
XDEDETTALV,Protein
CUCGGCGCCA,RNA
SLRSDLINAL,Hybrid
CTAGCGCGCT,Hybrid
CGCGAATTCG,DNA
GGGTCTTCGG,DNA
MRHPVVMGNW,Protein
EGAQVDCAEF,Protein
CGTACXCATG,DNA
UACGUCUCUC,RNA
EDKITVHFIN,Protein
PYVEITEQPH,Hybrid
ARRKRRNFSK,Hybrid
AFAGVLNDAD,Protein
MTMSRRNTDA,Hybrid
APQSITELCS,Protein
GGTAGAGATG,DNA
GGTAGGATGG,DNA
GSFTKHICAI,Hybrid
GGGACCAGAA,RNA
GIVEQCCTSI,Protein
TACGTCTCTC,DNA
SRVGKKPIEI,Hybrid
VGLRRRARLS,Protein
GGGACCAGAA,RNA
GGGACCAGAA,RNA
GGACUAGCGG,RNA
GAACCGGTTC,DNA
GGCGACGGUG,RNA
UCAGACUUUU,RNA
RSSCPSLIDV,Protein
MAGVEEVAAS,Protein
CTAGCGCGCT,Hybrid
MENLNMDLLY,Protein
MRTLYPEITP,Protein
GGCAACGGAU,RNA
TATYAQALQS,Protein
CGCGAATTTG,DNA
ACAACTGCAG,DNA
GCTTCTCTTC,DNA
GCUCCAGAUG,RNA
GCGAAUUCGC,RNA
CCAUCGCUAC,RNA
CCCGTGCACT,Hybrid
GGCGTCACAC,DNA
GSAEEWYFGK,Protein
GGGACCAGAA,RNA
PIAQIHILEG,Protein
SGPRPRGTRG,Hybrid
GGUGCAGAAA,RNA
MSWQEKINAA,Protein
TPDCVTGKVE,Protein
AIKKAHIEKD,Protein
GGAGCGGUAG,Hybrid
TCAGACTTTT,DNA
MRGLSRRVQA,Protein
GGGUCUUCGG,RNA
GGCAAUGAAG,RNA
GCACCGAACC,RNA
GGCGTCACAC,DNA
AQVPASGKLL,Protein
GGACTAGCGG,DNA
TGCACGGACT,DNA
MLSVAARSGP,Protein
MEVEKEFITD,Hybrid
CTCGGCGCCA,DNA
CGTACXCATG,DNA
RPDFCLEPPY,Protein
GMRALEQFAN,Hybrid
GGTGCAGAAA,DNA
GGCAAUGAAG,RNA
MRVNNGLTPQ,Protein
TGCACGGACT,DNA
GCACCGAACC,RNA
GCGAATTCGC,DNA
UGCCUGGCGG,RNA
TCAGACTTTT,DNA
MGEFSVCDSV,Protein
GGCAGAUCUG,RNA
GACTGAGAGA,DNA
IVGGYTCGAN,Protein
KDLVDTTEMY,Hybrid
MKGDTKVINY,Protein
EDTAKDNYGK,Hybrid
MKKAVINGEQ,Protein
ASNFTQFVLV,Hybrid
MIGRLRGIII,Hybrid
AQVINTFDGV,Protein
GCGAAUUCGC,RNA
GGCAAUGAAG,RNA
GSFTKHICAI,Hybrid
SLRSDLINAL,Hybrid
GGACTAGCGG,DNA
GGCGACGGUG,RNA
VHLTPEEKSA,Protein
CGCGAAUUUG,RNA
STIPSEIINW,Protein
GCACCGAACC,RNA
ACGUGCCUGA,RNA
GCACCGAACC,RNA
GNVKLCSLEE,Protein
PSQMEHAMET,Protein
MEKKTIVLGV,Protein
GCUCCAGAUG,RNA
TCAGACTTTT,DNA
XDFLAEGGGV,Protein
TATGGATCCA,Hybrid
GAGTAGTAAA,Hybrid
MKGDTKVINY,Protein
KDLVDTTEMY,Hybrid
ACGTGATTTA,Hybrid
GSHMQAEILL,Protein
CCGACGGCGC,Hybrid
UACGUCUCUC,RNA
PPYTVVYFPV,Protein
ATLKDITRRL,Protein
CTGGGTTAAA,Hybrid
VPDKTVRWCA,Protein
GGCGUCACAC,RNA
MYEPKPEHRF,Protein
GAUGGCCGAG,RNA
CCAGGCCUGG,RNA
CTAGCGCGCT,Hybrid
ACAUGAGGAU,Hybrid
UCAGACUUUU,RNA
VLSPADKTNV,Protein
TCAGACTTTT,DNA
GCGAAUUCGC,RNA
XELLKKLLEE,Protein
SLRSDLINAL,Hybrid
GCGAATTCGC,DNA
CAUGGCCAUG,RNA
MAAQGEPQVQ,Protein
TATGGATCCA,Hybrid
GNYKKPKLLY,Protein
AQVINTFDGV,Hybrid
MPEKSLYEMA,Protein
SLRSDLINAL,Hybrid
GGGUCUUCGG,RNA
APQSITELCS,Protein
SLRSDLINAL,Hybrid
GGUUGGUGUG,RNA
ACAACTGCAG,DNA
TEKKYIVALD,Protein
AACGCTACCA,DNA
GGGACCAGAA,DNA
TACCGGAAGT,Hybrid
MEVEKEFITD,Hybrid
SKPTVQGKIG,Protein
EPEWTYPRLS,Protein
SLRSDLINAL,Hybrid
GCACCGAACC,RNA
MDSAITLWQF,Hybrid
UCAGACUUUU,RNA
VEDVCTAKPR,Protein
SVLQVLHIPD,Protein
CCAGGCCUGG,RNA
GGGACCAGAA,RNA
UCAGACUUUU,RNA
GHKILHRLLQ,Protein
AACGCUACCA,RNA
GGCGTCACAC,DNA
HPETLVKVKD,Protein
ACAUGAGGAU,Hybrid
MKGMSKMPQF,Hybrid
GCAUGCGUAC,RNA
VEQDPFEIAV,Protein
GCACCGAACC,DNA
GGUGCAGAAA,RNA
GGTGCAGAAA,DNA
GCGAATTCGC,DNA
CGTGACGTTA,DNA
GCGAATTCGC,DNA
GGTTGGTGTG,DNA
CCGACGGCGC,Hybrid
TCAGACTTTT,DNA
CGCAUUUUUG,RNA
AQVPASGKLL,Protein
GGCAGAUCUG,RNA
GGUUGGUGUG,RNA
ENFNGGCLAG,Protein
SLRSDLINAL,Hybrid
CGUACXCAUG,RNA
GGTTGGTGTG,DNA
ASNFTQFVLV,Hybrid
GGCGACGGTG,DNA
UCAGACUUUU,RNA
ACAACTGCAG,DNA
CCAUCGCUAC,RNA
AATGATAGAA,Hybrid
ATCAATATCC,Hybrid
FSEEQLNRYE,Protein
CGCATTTTTG,DNA
MKGMSKMPQF,Hybrid
GGGACCAGAA,DNA
AVNCNEKIVV,Protein
GCUCCAGAUG,RNA
GGACUAGCGG,RNA
GGUAGGAUGG,RNA
GGCAGATCTG,DNA
GCATGCATAT,Hybrid
CAUGGCCAUG,RNA
TPDCVTGKVE,Protein
UCCCGUUUCC,RNA
GGCAATGAAG,DNA
ATIKDVAKRA,Hybrid
NGATTATCTG,DNA
CACATCCTGT,Hybrid
AAKDVKFGND,Protein
ATIKDVAKRA,Hybrid
GGGAAGCATA,Hybrid
SNVPHKSSLP,Protein
ASGFNAAEDA,Protein
GCTGATGCGC,Hybrid
GSLEAQEEEE,Protein
EHKIILYENP,Protein
GGATGGTAGC,DNA
CGUACXCAUG,RNA
KGHLTRLGLE,Hybrid
CGCGAATTTG,DNA
GGUAACAAUG,RNA
AIEVKLANME,Protein
GGCAATGAAG,DNA
GGUGCAGAAA,RNA
TCAGACTTTT,DNA
KKRRKTRKES,Hybrid
MKDLVDTTEM,Protein
AQVINTFDGV,Protein
UCCGUGAUAG,Hybrid
UCAGACUUUU,RNA
GCACCGAACC,DNA
TCAGACTTTT,DNA
GGGUCUUCGG,RNA
TGCCTGGCGG,DNA
AQVINTFDGV,Hybrid
KVFGRCELAA,Protein
ACGUGCCUGA,RNA
GCAAAACGTC,Hybrid
TDLDAVRIKV,Protein
SLRSDLINAL,Hybrid
GGAGTGCTTC,DNA
SLRSDLINAL,Hybrid
TGCCTGGCGG,DNA
KRHRKVLRDN,Hybrid
CTGGGTTAAA,Hybrid
MIGRLRGIII,Hybrid
ALVDVFIKLD,Protein
MAASDIAVQA,Protein
AAAGATATCT,Hybrid
TATAGTAGAG,Hybrid
CTCGGCGCCA,DNA
FVNQHLCGSH,Protein
GAAGAGAAGC,DNA
NTKYNKEFLL,Hybrid
KGGWFGKHRG,Hybrid
KKRRKTRKES,Hybrid
ADVPAGVQLA,Protein
TATAGTAGAG,Hybrid
AAAGATATCT,Hybrid
GCUUCUCUUC,RNA
GCATGCATAT,Hybrid
GGAGTGCTTC,DNA
GAAARVLLVI,Protein
UCCGUGAUAG,Hybrid
UCCCGUUUCC,RNA
KDLVDTTEMY,Hybrid
ACAACUGCAG,RNA
RPDFCLEPPY,Protein
KDLVDTTEMY,Hybrid
CGCAAAAAUG,RNA
CUCUCACUUC,RNA
CGTGACGTTA,DNA
UCUUCCUUUU,RNA
CGCGAAUUUG,RNA
GAAGAGAAGC,DNA
XMKQYLELMQ,Protein
UACGUCUCUC,RNA
CCAGGCCTGG,DNA
GGCGACGGUG,RNA
MIGRLRGIII,Hybrid
MPKRTDIKSI,Protein
GCATGCATAT,Hybrid
YEVPGPVPPR,Protein
MIKSALLVLE,Protein
GGGACCAGAA,RNA
IVGGYTCGAN,Protein
GGCACCTCCT,DNA
GGCUCGUGUA,Hybrid
GCACCGAACC,RNA
GGGATACTGC,DNA
ATVGPRVIVV,Protein
MSKRKAPQET,Hybrid
QVQLQESGPG,Protein
GGTAACAATG,DNA
GGAGUGCUUC,RNA
AKGEFIRTKP,Hybrid
GCATGCATAT,Hybrid
MGSVSKANVP,Protein
SLRSDLINAL,Hybrid
FRTFPGIPKW,Protein
GGAGTGCTTC,DNA
VPDKTVRWCA,Protein
UCAGACUUUU,RNA
AAAGATATCT,Hybrid
GGAGTGCTTC,DNA
MEKTRPDYTS,Protein
GGCAAUGAAG,RNA
GGUUGGUGUG,RNA
GGUUAAGCGA,RNA
AAGACITCTT,Hybrid
GGCAATGAAG,DNA
EYSPNTQQGR,Protein
AAAGACITCT,Hybrid
GATGGCCGAG,DNA
LIVTQTMKGL,Protein
GCTCCAGATG,DNA
GGACUAGCGG,RNA
AQVINTFDGV,Protein
CCAGGCCTGG,DNA
CAUGGCCAUG,RNA
GGCACCTCCT,DNA
GGTTAAGCGA,DNA
GGUUGGUGUG,RNA
GGCAGAUCUG,RNA
MVKVKFKYKG,Hybrid
AQYEDGKQYT,Protein
GCTCCAGATG,DNA
MFENITAAPA,Protein
GNYKKPKLLY,Protein
CACCACCTGC,DNA
GGCAAUGAAG,RNA
ASNFTQFVLV,Hybrid
GGGAAGCATA,Hybrid
LATKAARKSA,Hybrid
GGCGUCACAC,RNA
IQKTPQIQVY,Protein
TCCCGTTTCC,DNA
KETAAAKFER,Protein
CTAGGTCAAA,Hybrid
AACGCTACCA,DNA
AATGATAGAA,Hybrid
FVNQHLCGSH,Protein
GTACAAAGTA,DNA
TATAGTAGAG,Hybrid
ACAGTTTCCC,Hybrid
CGUGACGUUA,RNA
GGACAGAUGG,Hybrid
CGCAAAAAUG,RNA
VSVSEIRKAQ,Protein
GGTTGGTGTG,DNA
GGCAGATCTG,DNA
TCAGACTTTT,DNA
CGESCVWIPC,Protein
VGALAVVVWL,Protein
EDTAKDNYGK,Hybrid
SLRSDLINAL,Hybrid
SLRSDLINAL,Hybrid
GGTTGGTGTG,DNA
GGCGUCACAC,RNA
GCTCCAGATG,DNA
AAUGACCGGA,Hybrid
GAGAGATCTC,DNA
GGUGCAGAAA,RNA
GAGAGAUCUC,RNA
MGFLSGKRIL,Protein
GGACTAGCGG,DNA
GGAGUGCUUC,RNA
GGGACCAGAA,DNA
TCAGACTTTT,DNA
GGAGTGCTTC,DNA
GCGAAUUCGC,RNA
QKTGTAEVSS,Protein
AAAGATATCT,Hybrid
GGCGTCACAC,DNA
IQLWQFLLEL,Hybrid
GGCGUCACAC,RNA
MSKGPAVGID,Protein
NLFVALYDFV,Protein
GQANHPTAAV,Hybrid
ATVKFKYKGE,Hybrid
CTAGGTCAAA,Hybrid
CUCUCACUUC,RNA
GGAAGTGAGA,DNA
CGCGAAUUCG,RNA
TCTTCCTTTT,DNA
MSKRKAPQET,Hybrid
MLGNLKPQAP,Protein
VINTLDGVAD,Protein
TCCCGTTTCC,DNA
GGTTGGTGTG,DNA
GGACTAGCGG,DNA
TCAGACTTTT,DNA
ETFTVKMGAD,Protein
GGCAACGGAU,RNA
MIGRLRGIII,Hybrid
AAAGATATCT,Hybrid
GGCGUCACAC,RNA
CTAGCGCGCT,Hybrid
GGUAGAGAUG,RNA
GCACCGAACC,RNA
AACGCUACCA,RNA
AAAGATATCT,Hybrid
CCAUCGCUAC,RNA
GGGACCAGAA,RNA
MKQVCVLGNG,Protein
GSFTKHICAI,Hybrid
GCTCCAGATG,DNA
GVNPRGLGPL,Protein
AAUGACCGGA,Hybrid
VNPTVFFDIA,Protein
GGGACCAGAA,DNA
UCCCGUUUCC,RNA
ACAACUGCAG,RNA
CACCACCUGC,RNA
MEVEKEFITD,Hybrid
MAKRIVEPFR,Protein
GGAUGGUAGC,RNA
AATGATAGAA,Hybrid
GGTGCAGAAA,DNA
GGTTGGTGTG,DNA
MSGIVIDKEK,Protein
LNKGQRHIKI,Protein
GGATGGTAGC,DNA
GCAUGCGUAC,RNA
CGCAUNGUUA,RNA
GDPKEEEEEE,Protein
GTACAAAGTA,DNA
XRYPYYLSDI,Protein
TCAGACTTTT,DNA
CAKVKGITQG,Protein
GGCGACGGTG,DNA
GGCAGATCTG,DNA
EDTAKDNYGK,Hybrid
CATGGCCATG,DNA
GSFTKHICAI,Hybrid
GGCAGGTGGT,DNA
UCAGACUUUU,RNA
UGCACGGACU,RNA
GGUGCAGAAA,RNA
GGGUCUUCGG,RNA
GCTCCAGATG,DNA
IDCGHVDSLV,Protein
SRVGKKPIEI,Hybrid
CACCACCUGC,RNA
TGCCTGGCGG,DNA
MKKRLTITLS,Hybrid
GCAUGUGUAC,RNA
GGCACCUCCU,RNA
AAAGATATCT,Hybrid
GGCGCGUUAA,Hybrid
CGUACXCAUG,RNA
MDFNLTDIQQ,Protein
CUCGGCGCCA,RNA
TCAGACTTTT,DNA
GGCAAUGAAG,RNA
METNLFKLSL,Hybrid
GGCGACGGTG,DNA
NGATTATCTG,DNA
GGAUGGUAGC,RNA
PQITLWKRPL,Protein
GGCAATGAAG,DNA
CGCAAAAAUG,RNA
GGCAAUGAAG,RNA
GGCACCUCCU,RNA
KDLVDTTEMY,Hybrid
CGCGAAUUUG,RNA
AAAGATATCT,Hybrid
TACCGGAAGT,Hybrid
GKQGGKTRAK,Hybrid
GGGACCAGAA,DNA
CGCGAATTTG,DNA
GGCACCUCCU,RNA
MGDKPIWEQI,Protein
MIGRLRGIII,Hybrid
AIEVKLANME,Protein
GCGAAUUCGC,RNA
GATGGCCGAG,DNA
MTEKKERIDV,Protein
CTGGGAATTT,Hybrid
LATKAARKSA,Hybrid
MSKRKAPQET,Hybrid
AVPETRPNHT,Hybrid
GCAUGAGUAC,RNA
MARRILVVED,Protein
MSPQTETKAS,Protein
GGCAGGTGGT,DNA
GAATTTACTA,Hybrid
TCAGACTTTT,DNA
GGCACCTCCT,DNA
GGGACCAGAA,DNA
GUUGUUUUUU,Hybrid
ASNFTQFVLV,Hybrid
GGAGUGCUUC,RNA
GCACCGAACC,RNA
MLKLLDNWDS,Protein
GGGAUACUGC,RNA
DFVLDNEGNP,Protein
GNAAAAKKGS,Protein
GGUUAAGCGA,RNA
KVFERCELAR,Protein
CGUACXCAUG,RNA
HLLQFRKMIK,Protein
DVPVNLYRPN,Protein
AQVINTFDGV,Hybrid
XDGDFEEIPE,Protein
VKIVTVKTKA,Protein
KRHRKVLRDN,Hybrid
PPYTVVYFPV,Protein
ELKVVTATNF,Protein
KVFGRCELAA,Protein
VPDKTVRWCA,Protein
CGAAACTGTC,Hybrid
PISPIETVPV,Protein
GGGTCTTCGG,DNA
MKGMSKMPQV,Hybrid
UCAGACUUUU,RNA
MLKLLDNWDS,Protein
GGCAGATCTG,DNA
CTGACCTACA,DNA
AAAGACITCT,Hybrid
AAKDVKFGND,Protein
GCTTCTCTTC,DNA
GGCAACGGAU,RNA
MSKRKAPQET,Protein
GAACCGGUUC,RNA
GCACCGAACC,DNA
XELLKKLLEE,Protein
GAATTTACTA,Hybrid
GGACUAGCGG,RNA
GCATGTGTAC,DNA
TATGGATCCA,Hybrid
CTCGGCGCCA,DNA
LVHVASVEKG,Protein
ASNFTQFVLV,Hybrid
GGUUGGUGUG,RNA
CGCATTTTTG,DNA
DAEFRHDSGY,Protein
GGCAAUGAAG,RNA
TCCTCATGTA,Hybrid
MKGMSKMPQV,Hybrid
CCATCGCTAC,DNA
UCCCGUUUCC,RNA
GAGAGAXTCT,DNA
GGAGUGCUUC,RNA
AACTTCCGGT,Hybrid
ARRKRRNFNK,Hybrid
CATGGCCATG,DNA
VRDGYIAQPE,Protein
VNPTVFFDIA,Protein
TCAGACTTTT,DNA
GGCAAUGAAG,RNA
TCCTCATGTA,Hybrid
MTSQTPTRKP,Protein
RPPNIVLIFA,Protein
GGATGGTAGC,DNA
SLRSDLINAL,Hybrid
UCAGACUUUU,RNA
CCAUCGCUAC,RNA
GGCAAUGAAG,RNA
VETISFSFSE,Protein
CGCGAATTCG,DNA
CGUACXCAUG,RNA
AFVVTDNCIK,Protein
GGCAACGGAT,DNA
NLVNFHRMIK,Protein
GGUUAAGCGA,RNA
TPDCVTGKVE,Protein
SHMTPDIILQ,Protein
LATKAARKSA,Hybrid
VEESGLTNKI,Protein
TGCCTGGCGG,DNA
GGTTGGTGTG,DNA
MSKRKAPQET,Hybrid
MPVDLSKWSG,Protein
GCATGGGTAC,DNA
CGTACXCATG,DNA
GCTGATGCGT,Hybrid
ASNFTQFVLV,Hybrid
GGCGACGGUG,RNA
IVEGSDAEIG,Protein
MRTEYCGQLR,Hybrid
MEKKVLLTGF,Protein
GGCUCGUGUA,Hybrid
TGLLDGKRIL,Protein
AATGATAGAA,Hybrid
RPDFCLEPPY,Protein
CGCATTTTTG,DNA
ACDYTCGSNC,Hybrid
GGGGATTTAG,Hybrid
GGCAACGGAU,RNA
UCAGACUUUU,RNA
GCGAAUUCGC,RNA
MKQYLELMQK,Protein
EDTAKDNYGK,Hybrid
SNDASFNVET,Protein
GGUAACAAUG,RNA
MTEKKERIDV,Protein
GGGUGCUCAG,Hybrid
ANQASVVANQ,Protein
SLRSDLINAL,Hybrid
MSKIFDLVVI,Protein
GGCAGAUCUG,RNA
CCGACCACGC,Hybrid
GGCAACGGAT,DNA
TIFQFPQDFM,Protein
PIAQIHILEG,Protein
SAGINYVQNY,Protein
SLRSDLINAL,Hybrid
CCATCGCTAC,DNA
CTCTCACTTC,DNA
GCUCCAGAUG,RNA
GAGAGAUCUC,RNA
GGCACCTCCT,DNA
UCAGACUUUU,RNA
CATGGCCATG,DNA
GGCGACGGUG,RNA
CGAAACTGTC,Hybrid
QGPGGGGGSV,Protein
GGTTGGTGTG,DNA
TCAGCCGATC,Hybrid
GCATGAGTAC,DNA
GCAUGAGUAC,RNA
GGACTAGCGG,DNA
UCAGACUUUU,RNA
GGUUGGUGUG,RNA
GAGTAGTAAA,Hybrid
GCTGATGCGT,Hybrid
SLRSDLINAL,Hybrid
PQITLWQRPL,Protein
GGCAGGTGGT,DNA
GAACCGGTTC,DNA
TACGTCTCTC,DNA
MNIRPLHDRV,Protein
GCTGATGCGC,Hybrid
MEEAASQSLE,Protein
CGCATTTTTG,DNA
HGSPVDICTA,Protein
GGCACCTCCT,DNA
MIQQESRLKV,Hybrid
GGAGTGCTTC,DNA
GGTTGGTGTG,DNA
ASNFTQFVLV,Hybrid
ACAUGAGGAU,Hybrid
SEQHAQGADA,Protein
MFENITAAPA,Protein
MDSAITLWQF,Hybrid
CGTACXCATG,DNA
ACAUGAGGAU,Hybrid
NTKYNKEFLL,Hybrid
SLRSDLINAL,Hybrid
TCAGACTTTT,DNA
GGCAATCATG,Hybrid
AACGCUACCA,RNA
VMGEDQQIPR,Protein
GGCAATGAAG,DNA
GGCACCTCCT,DNA
GCACCGAACC,DNA
GGGATACTGC,DNA
MVKVKFKYKG,Hybrid
ANIQSFSFKN,Protein
GGACTAGCGG,DNA
CGCGAATTCG,DNA
GGUAACAAUG,RNA
GGCAACGGAT,DNA
AQVINTFDGV,Hybrid
TCAGACTTTT,DNA
GGUUGGUGUG,RNA
GGCAAUGAAG,RNA
UAGAAUGUAG,RNA
ACDYTCGSNC,Protein
CGUACXCAUG,RNA
GCUCCAGAUG,RNA
GGCACCUCCU,RNA
GCCAGGAUGU,Hybrid
GCATGCGTAC,DNA
MAKRIVEPFR,Protein
AQVINTFDGV,Protein
TCAGACTTTT,DNA
TCAGACTTTT,DNA
CGUGACGUUA,RNA
CUCGGCGCCA,RNA
TAGAATGTAG,DNA
MKGMSKMPQF,Hybrid
IVGGYTCGAN,Protein
DVPYVLVKTN,Protein
KTPPAAVLLK,Hybrid
IVEGQDAEVG,Protein
CGCAAAAAUG,RNA
GMRALEQFAN,Hybrid
AACGCUACCA,RNA
EDTAKDNYGK,Hybrid
ADVPAGVQLA,Protein
SLRSDLINAL,Hybrid
MHDANIRVAI,Protein
GAUGGCCGAG,RNA
CGGGATATCC,Hybrid
GMRALEQFAN,Hybrid
GCUCCAGAUG,RNA
AAILGDEYLW,Protein
GGACUAGCGG,RNA
TCCCGTTTCC,DNA
CGUACXCAUG,RNA
GGUUGGUGUG,RNA
MKDLVDTTEM,Protein
GGCGUCACAC,RNA
TCAGACTTTT,DNA
GIVDECCLRP,Protein
ATSDSNMLLN,Protein
GGGTCTTCGG,DNA
ASNTNLIVNY,Hybrid
KKRRKTRKES,Hybrid
ACAGTTTCCC,Hybrid
ATIKDVAKRA,Hybrid
GAACCGGUUC,RNA
NTKYNKEFLL,Hybrid
CGCGAATTTG,DNA
GGCAGAUCUG,RNA
AAAGATATCT,Hybrid
CGCATNGTTA,DNA
GGCAATGAAG,DNA
GCGAATTCGC,DNA
GGAGUGCUUC,RNA
MKGMSKMPQV,Hybrid
TCAGACTTTT,DNA
GCCAGGAUGU,Hybrid
TKPYRGHRFT,Hybrid
CGTACXCATG,DNA
GAGAGAUCUC,RNA
PISPIETVPV,Protein
SHHWGYGKHN,Protein
STAGKVIKCK,Protein
GGCACCUCCU,RNA
MSTNKVNKER,Protein
AYVITEPCIG,Protein
CGCAAAAAUG,RNA
GGCAATGAAG,DNA
ATVKFKYKGE,Hybrid
TPDCVTGKVE,Protein
FVNQHLCGSH,Protein
CCATCGCTAC,DNA
MSVEEVSKKF,Protein
QTDMSRKAFV,Protein
GCACCGAACC,DNA
SISQQTVWNQ,Hybrid
GGCAATGAAG,DNA
GGGUCUUCGG,RNA
AAAGATATCT,Hybrid
SKVTYIIKAS,Protein
SVTYEPMAYM,Protein
SLRSDLINAL,Hybrid
AACGCTACCA,DNA
AAAGACITCT,Hybrid
METNLFKLSL,Hybrid
UCAGACUUUU,RNA
GGCGTCACAC,DNA
UGCCUGGCGG,RNA
GGCAGATCTG,DNA
NLVNFHRMIK,Protein
EVQLQQSGAE,Protein
GGCAATGAAG,DNA
QYRIIDFKRD,Hybrid
GGCGACGGTG,DNA
AAAGATATCT,Hybrid
CGCGAAUUCG,RNA
GGCACCUCCU,RNA
GGTGCAGAAA,DNA
GCTCCAGATG,DNA
GGCACCUCCU,RNA
PQVTLWQRPL,Protein
ACAACTGCAG,DNA
CGUGACGUUA,RNA
GGAUGGUAGC,RNA
CGTGACGTTA,DNA
ACGTGCCTGA,DNA
UCAGACUUUU,RNA
GIGAVLKVLT,Protein
CGCGAATTCG,DNA
CGCGAAUUCG,RNA
UCAGACUUUU,RNA
CGCAUUUUUG,RNA
GKQGGKTRAK,Hybrid
CCATCGCTAC,DNA
TCAGACTTTT,DNA
GGCGTCACAC,DNA
LMMHSQKRVV,Protein
MGKQNSKLRP,Protein
GGAAGUGAGA,RNA
GGACTAGCGG,DNA
ILGGREAEAH,Protein
CTGACCTTTG,Hybrid
CGTACXCATG,DNA
CGCATNGTTA,DNA
NVKCFNCGKE,Hybrid
SLRSDLINAL,Hybrid
GACAGGATGT,Hybrid
CCGACGGCGC,Hybrid
AQTVPYGIPL,Protein
SLRSDLINAL,Hybrid
DIQMTQSPSS,Protein
UCCGUGAUAG,Hybrid
GGTTAAGCGA,DNA
GGCAACGGAU,RNA
GGTAGAGATG,DNA
QGAVRKATAA,Protein
UCCGUGAUAG,Hybrid
MIGRLRGIII,Hybrid
TCAGACTTTT,DNA
PQITLWQRPL,Protein
MNELEGYVTK,Protein
GGGTCTTCGG,DNA
MKGMSKMPQV,Hybrid
MTIFQFPQDF,Protein
XAEIAAIKYK,Protein
UCAGACUUUU,RNA
AACGCTACCA,DNA
PLREPRGLGP,Protein
GGTTGGTGTG,DNA
GGACUAGCGG,RNA
ACTCTATGAT,Hybrid
GKQGGKTRAK,Hybrid
EFTNVSCTTS,Protein
MLGNLKPQAP,Protein
FVNQHLCGSH,Protein
SLRSDLINAL,Hybrid
TCAGACTTTT,DNA
CGCGAATTCG,DNA
VKPLQVEPPE,Protein
UGCACGGACU,RNA
VNPTVFFDIA,Protein
TCAGACTTTT,DNA
CGGGATATCC,Hybrid
AVPETRPNHT,Hybrid
AACTTCCGGT,Hybrid
UCAGACUUUU,RNA
GGCAACGGAT,DNA
ARRKRRNFSK,Hybrid
SLRSDLINAL,Hybrid
CGTACXCATG,DNA
SLRSDLINAL,Hybrid
AQKPLSDDEK,Protein
UAGAAUGUAG,RNA
MQGSVTEFLK,Protein
GCGAATTCGC,DNA
GDAAKGEKEF,Protein
MHGQVDCSPG,Protein
NLVNFHRMIK,Protein
SLRSDLINAL,Hybrid
CGGGATATCC,Hybrid
PTFNKITPNL,Protein
CAGATAATCA,DNA
CGCGAAUUCG,RNA
GCUUCUCUUC,RNA
TAGAATGTAG,DNA
GCATGTGTAC,DNA
CAGATAATCA,DNA
UCCGUGAUAG,Hybrid
KTPPAAVLLK,Hybrid
MKKRLTITLS,Hybrid
CGUACXCAUG,RNA
GGGTCTTCGG,DNA
FVNQHLCGSH,Protein
GGAGUGCUUC,RNA
GSFTKHICAI,Hybrid
MEPAAGSSME,Protein
GUACAAAGUA,RNA
GGCAGGUGGU,RNA
ATCAATATCC,Hybrid
GGUUGGUGUG,RNA
GGCGUCACAC,RNA
LDKQKELDSK,Hybrid
MDSAITLWQF,Hybrid
GGCGACGGTG,DNA
MQVWPILNLK,Protein
GCGAATTCGC,DNA
VREVCSEQAE,Protein
MVKVKFKYKG,Hybrid
GATTGCATTG,Hybrid
GGACAGAUGG,Hybrid
GAGAGATCTC,DNA
EDTAKDNYGK,Hybrid
TCAGACTTTT,DNA
TEKKYIVALD,Protein
VERYSLSPMK,Protein
GSFTKHICAI,Hybrid
GGCACCUCCU,RNA
QIFNFSSGPA,Protein
GIVEQCCTSI,Protein
ACCTGGGGGA,DNA
GCTGATGCGC,Hybrid
SLKVAPKVKA,Protein
MVERYSLSPM,Protein
GGCAGAGUCC,Hybrid
GTCGCCATAA,Hybrid
CGCATNGTTA,DNA
UCAGACUUUU,RNA
GGCAGAUCUG,RNA
GGCAGGUGGU,RNA
CAUGGCCAUG,RNA
GGGACCAGAA,DNA
CGCAAAAATG,DNA
HSDPARRGEL,Protein
MAQVLRGTVT,Protein
GGCGACGGUG,RNA
TTCCGGUGUA,Hybrid
UCAGACUUUU,RNA
GGGUGCUCAG,Hybrid
AAAGATATCT,Hybrid
GATTGCATTG,Hybrid
GCTCCCAGGC,Hybrid
UGCCUGGCGG,RNA
GGUAGAGAUG,RNA
GCGAAUUCGC,RNA
GGCAAUGAAG,RNA
CCAUCGCUAC,RNA
TCTTCCTTTT,DNA
MYGWWGRILR,Protein
CGCAAAAATG,DNA
GGAUGGUAGC,RNA
UCUUCCUUUU,RNA
MPKRTDIKSI,Protein
ATIKDVAKRA,Hybrid
ATVKFKYKGE,Hybrid
DLGKKLLEAA,Hybrid
GGCAATGAAG,DNA
MNELEGYVTK,Protein
ASNFTQFVLV,Hybrid
MKKRLTITLS,Hybrid
GGCGACGGTG,DNA
ACAUGAGGAU,Hybrid
GGCGUCACAC,RNA
MSGIVIDKEK,Protein
CGUACXCAUG,RNA
GGCAACGGAU,RNA
QGAVRKATAA,Protein
AAAGATATCT,Hybrid
GSFTKHICAI,Hybrid
GGGACCAGAA,RNA
ACGUGCCUGA,RNA
TCAGACTTTT,DNA
ALVDVFIKLD,Protein
GCTCCAGATG,DNA
GAACCGGTTC,DNA
MFENITAAPA,Protein
GGCGCGUUAA,Hybrid
GAGAGATCTC,DNA
GGUUGGUGUG,RNA
ACAACUGCAG,RNA
CTAGGTCAAA,Hybrid
MKGMSKMPQF,Protein
AAAGATATCT,Hybrid
GGCACCUCCU,RNA
CGCAUUUUUG,RNA
CGGGATATCC,Hybrid
GGGACCAGAA,DNA
EEYKCYCTDT,Protein
CGTGACGTTA,DNA
VNPTVFFDIA,Protein
GMRALEQFAN,Hybrid
ACCUGGGGGA,RNA
CGCAAAAATG,DNA
KDLVDTTEMY,Hybrid
GGUUGGUGUG,RNA
GGCGACGGTG,DNA
TCAGACTTTT,DNA
GAAGAGAAGC,RNA
UGCACGGACU,RNA
MYGNWGRFIR,Protein
GCACCGAACC,DNA
GCATGAGTAC,DNA
MQDAITAVIN,Protein
CGAAACTGTC,Hybrid
ARRKRRNFNK,Hybrid
AACGCTACCA,DNA
ADVPAGVQLA,Protein
TCAGACTTTT,DNA
ACATGTAATT,Hybrid
GGCGACGGTG,DNA
GVNPRGLGPL,Protein
IVGGVEAVPN,Protein
CUCGGCGCCA,RNA
CCCGTGCACT,Hybrid
CUGACCUACA,RNA
ASNFTQFVLV,Hybrid
NTKYNKEFLL,Hybrid
GGATGGTAGC,DNA
GACUGAGAGA,RNA
MEDLCVANTL,Protein
GCGAATTCGC,DNA
GVNPRGLGPL,Protein
CACATCCTGT,Hybrid
AAAGATATCT,Hybrid
STAGKVIKCK,Protein
MKGMSKMPQF,Hybrid
CTGGGAATTT,Hybrid
GGCAACGGAT,DNA
CAUGGCCAUG,RNA
EKRRDNRGRI,Hybrid
MTMSRRNTDA,Hybrid
GGGACCAGAA,RNA
SHMTPDIILQ,Protein
ACATGTAATT,Hybrid
GGGACCAGAA,DNA
ANPLYQKHII,Protein
GGACTAGCGG,DNA
ACCTGGGGGA,DNA
MQEGAYRFIR,Protein
MVNPTVFFDI,Protein
ATVKFKYKGE,Hybrid
SETQECLFFN,Protein
AAAGACITCT,Hybrid
GATGGCCGAG,DNA
ASNTNLIVNY,Hybrid
GGCAACGGAU,RNA
MAKRIVEPFR,Protein
GKVFERCELA,Protein
GGGTCTTCGG,DNA
GSAVVALTND,Protein
TCAGACTTTT,DNA
TACGCAAACG,Hybrid
TCAGACTTTT,DNA
UCAGACUUUU,RNA
GGTGCAGAAA,DNA
CUGACCUACA,RNA
RKKLEELERD,Protein
GGACUAGCGG,RNA
CGCAUUUUUG,RNA
GAAGAGAAGC,RNA
TACGCAAACG,Hybrid
STAGKVIKCK,Protein
ETPREKLKQH,Protein
TKPYRGHRFT,Hybrid
GGCAAUGAAG,RNA
CGTGACGTTA,DNA
STPGIVIPPQ,Protein
TFRYRGPSPK,Protein
MNIDFSDPDF,Protein
VGSLNCIVAV,Protein
GGGGATTTAG,Hybrid
SLRSDLINAL,Hybrid
GCACCGAACC,DNA
PVDLSKWSGP,Protein
MRVNNGLTPQ,Protein
GGACUAGCGG,RNA
PEKSLYEMAV,Protein
GGCAACGGAT,DNA
KGGWFGKHRG,Hybrid
CGCGAAUUCG,RNA
CACCACCTGC,DNA
CCAGGCCTGG,DNA
CGCGAATTCG,DNA
UCAGACUUUU,RNA
NVYHDGACPE,Protein
GGCACCTCCT,DNA
GGTTAAGCGA,DNA
KPQAPELRIF,Protein
AAAGACITCT,Hybrid
ACCUGGGGGA,RNA
GGUAGGAUGG,RNA
MIESKTYAVL,Protein
ACAACTGCAG,DNA
AQVINTFDGV,Protein
GGGTCTTCGG,DNA
ADVPAGVQLA,Protein
GGGAUACUGC,RNA
KETAAAKFER,Protein
GCAUGGGUAC,RNA
AAAGATATCT,Hybrid
GGCGACGGTG,DNA
RSCIDTIPKS,Protein
GCAUGCGUAC,RNA
MEVEKEFITD,Hybrid
MKGNYVQVYV,Protein
UCAGACUUUU,RNA
AQVINTFDGV,Protein
CGCAUNGUUA,RNA
ACDYTCGSNC,Protein
GGCGACGGUG,RNA
GCGAATTCGC,DNA
ALHWRAAGAA,Protein
PPGTVDKKMV,Protein
GGCACCTCCT,DNA
AFAGVLNDAD,Protein
EVQLVESGGG,Protein
TCAGACTTTT,DNA
ATTAGGTTAG,Hybrid
TCAGACTTTT,DNA
EDTAKDNYGK,Hybrid
CGCGAAUUCG,RNA
GGUUAAGCGA,RNA
CGCGAAUUUG,RNA
QVQLVESGGG,Protein
KDLVDTTEMY,Hybrid
GGAGUGCUUC,RNA
AACGCTACCA,DNA
SLRSDLINAL,Hybrid
GGGUCUUCGG,RNA
GAACCGGTTC,DNA
CGCAUUUUUG,RNA
AACGCTACCA,DNA
TACGTCTCTC,DNA
MAGVEEVAAS,Protein
ACDYTCGSNC,Hybrid
MRTEYCGQLR,Hybrid
CGUACXCAUG,RNA
UAGAAUGUAG,RNA
MEPNTPTART,Hybrid
ACAUGAGGAU,Hybrid
MIGRLRGIII,Hybrid
CCATCGCTAC,DNA
AACGCUACCA,RNA
GGTAACAATG,DNA
MNELEGYVTK,Protein
ACCTGGGGGA,DNA
MKKRLTITLS,Hybrid
GGGUCUUCGG,RNA
GGGAUACUGC,RNA
IDCGHVDSLV,Protein
MHGQVDCSPG,Protein
GGCAGATCTG,DNA
KSEVAHRFKD,Protein
MIKSALLVLE,Protein
IVGGYTCGAN,Protein
CATGGCCATG,DNA
UCCCGUUUCC,RNA
PNFSGNWKII,Protein
SLRSDLINAL,Hybrid
GACATGNTTG,Hybrid
UCCGUGAUAG,Hybrid
AAVILESIFL,Protein
RPDFCLEPPY,Protein
ACDYTCGSNC,Hybrid
CCAUCGCUAC,RNA
PYVEITEQPH,Hybrid
TCAGACTTTT,DNA
GGGATACTGC,DNA
GCTGATGCGC,Hybrid
CGAAACTGTC,Hybrid
GUUGUUUUUU,Hybrid
TCAGCCGATC,Hybrid
GGACTAGCGG,DNA
GGTGCAGAAA,DNA
AVNGKGMNPD,Protein
ATVKFKYKGE,Hybrid
GGUGCAGAAA,RNA
ATVGPRVIVV,Protein
ESVLTQPPSA,Protein
GACUGAGAGA,RNA
SISQQTVWNQ,Hybrid
GGTGCAGAAA,DNA
GACUGAGAGA,RNA
GCTCCAGATG,DNA
MATVKFKYKG,Hybrid
CUCUCACUUC,RNA
GGCGACGGUG,RNA
ASNFTQFVLV,Protein
AAADGDDSLY,Protein
CGTGACGTTA,DNA
AASSLDELVA,Protein
CATGGCCATG,DNA
TGCGTGTAAA,Hybrid
GGCGTCACAC,DNA
CTCTCACTTC,DNA
GGCAGAUCUG,RNA
CATGGCCATG,DNA
MKGMSKMPQF,Hybrid
PQVTLWQRPL,Protein
CGUGACGUUA,RNA
TATAGTAGAG,Hybrid
AACGCTACCA,DNA
UGCCUGGCGG,RNA
VVSLDKPFMY,Hybrid
DVLMTQTPVS,Protein
GGCAATGAAG,DNA
GGCAATGAAG,DNA
GGAGCGGUAG,Hybrid
UCCCGUUUCC,RNA
GAGAGAXTCT,DNA
MKGMSKMPQF,Hybrid
GCAUGGGUAC,RNA
ASNTNLIVNY,Hybrid
MKGMSKMPQF,Hybrid
TGCCTGGCGG,DNA
GGUUGGUGUG,RNA
TACGCAAACG,Hybrid
GSHMSQPRPL,Protein
GAACCGGUUC,RNA
ACGTGATTTA,Hybrid
GGCGTCACAC,DNA
MPEKSLYEMA,Protein
AQTVPYGIPL,Protein
GGGATACTGC,DNA
KHSLPDLPYD,Protein
QLPPGKPEIF,Protein
IQLWQFLLEL,Hybrid
MKKVKLIGTL,Protein
TQVIQLKRYE,Protein
MKGMSKMPQF,Hybrid
GCACCGAACC,DNA
AQVINTFDGV,Protein
FVNQHLCGSH,Protein
ACTCTATGAT,Hybrid
KRHRKVLRDN,Hybrid
MKGMSKMPQV,Hybrid
CGCAUUUUUG,RNA
GCUCCAGAUG,RNA
GGGAUACUGC,RNA
DYVEQRIDLN,Protein
GGCAGAUCUG,RNA
KDLVDTTEMY,Hybrid
GCATGGGTAC,DNA
LATKAARKSA,Hybrid
ASNFTQFVLV,Hybrid
MKGMSKMPQV,Hybrid
MKGDTKVINY,Protein
SKSHSEAGSA,Protein
QASNHTFYPW,Hybrid
IVEGQDAEVG,Protein
AAAGACITCT,Hybrid
CGCAAAAATG,DNA
GAGAGATCTC,DNA
TCAGACTTTT,DNA
TAGAATGTAG,DNA
TFGSGEADCG,Protein
NTKYNKEFLL,Hybrid
GGCGACGGUG,RNA
GGTTAAGCGA,DNA
UCAGACUUUU,RNA
SLRSDLINAL,Hybrid
GGAUGGUAGC,RNA
GACTGAGAGA,DNA
GGUGCAGAAA,RNA
GAGAGAUCUC,RNA
ACCUGGGGGA,RNA
CGTACXCATG,DNA
CGCAAAAAUG,RNA
KPIQNQAKSV,Protein
RSFVCEVCTR,Protein
CTTCCTCATG,Hybrid
GGCAACGGAT,DNA
CGCGAAUUUG,RNA
UGCCUGGCGG,RNA
GGGTCTTCGG,DNA
GGAGUGCUUC,RNA
ACGTGCCTGA,DNA
MDSAITLWQF,Hybrid
TCCCGTTTCC,DNA
GGGTCTTCGG,DNA
NGAUUAUCUG,RNA
ACAACTGCAG,DNA
CGUACXCAUG,RNA
GKQGGKTRAK,Hybrid
GAAGAGAAGC,DNA
CGCATTTTTG,DNA
MKGMSKMPQF,Protein
GGATGGTAGC,DNA
GGGATACTGC,DNA
AQSVPYGVSQ,Protein
GAAGAGAAGC,RNA
NNIIFSKQPD,Protein
GGGAUACUGC,RNA
GCACCGAACC,DNA
GAGAGAXUCU,RNA
GUUGUUUUUU,Hybrid
CGCGAAUUUG,RNA
TIFQFPQDFM,Protein
GCATGCGTAC,DNA
SLRSDLINAL,Hybrid
MGDKPIWEQI,Protein
GCTCCAGATG,DNA
CTGACCTTTG,Hybrid
GGUUAAGCGA,RNA
GGCAAUGAAG,RNA
SLRSDLINAL,Hybrid
GCGAAUUCGC,RNA
UCAGACUUUU,RNA
DQPMEEEEVE,Protein
GCGAATTCGC,DNA
CGUGACGUUA,RNA
MNDFHRDTWA,Protein
GGCAATGAAG,DNA
MKGDTKVINY,Protein
SDLELHPPSY,Protein
AAAGATATCT,Hybrid
GGCAAUGAAG,RNA
GCATGGGTAC,DNA
DLGKKLLEAA,Hybrid
SVLQVLHIPD,Protein
CGTACXCATG,DNA
TCAGACTTTT,DNA
GGCAGATCTG,DNA
TFGSGEADCG,Protein
TGCCTGGCGG,DNA
CCGATGCCAC,Hybrid
MAMQMQLEAN,Protein
MRYYESSLKS,Protein
GGUAGAGAUG,RNA
GGTTAAGCGA,DNA
GGTAGGATGG,DNA
SLRSDLINAL,Hybrid
MISDSMTVEE,Protein
GCGAATTCGC,DNA
CAGAUAAUCA,RNA
CGCGAATTTG,DNA
VFGGDECNIN,Protein
CACCACCTGC,DNA
ADKAPFDTDI,Protein
TELTLKPGTL,Protein
MIGRLRGIII,Hybrid
AQVINTFDGV,Protein
TGCCTGGCGG,DNA
GAACCGGTTC,DNA
QGPGGGGGSV,Protein
GGGAAGCATA,Hybrid
AACGCUACCA,RNA
GGGAAGCATA,Hybrid
GGCGACGGUG,RNA
GACATGNTTG,Hybrid
GCUCCAGAUG,RNA
GGUGCAGAAA,RNA
SLRSDLINAL,Hybrid
GRCCHPACGK,Protein
TCCCGTTTCC,DNA
GGATGGTAGC,DNA
GPTGTGESKC,Protein
DAHKSEVAHR,Protein
GGAAGUGAGA,RNA
AAGACITCTT,Hybrid
LIVTQTMKGL,Protein
GCAUGUGUAC,RNA
TGCATTTCCC,Hybrid
ATTAGGTTAG,Hybrid
UCAGACUUUU,RNA
TCAGACTTTT,DNA
IVEGSDAEIG,Protein
CGUACXCAUG,RNA
MVKVKFKYKG,Hybrid
GGCAACGGAU,RNA
CGCAAAAATG,DNA
NGAUUAUCUG,RNA
ACAACUGCAG,RNA
GCUCCAGAUG,RNA
GGCAAUGAAG,RNA
MYRTHYSSEI,Protein
PQVTLWQRPL,Protein
CAGAUAAUCA,RNA
EMEKEFEQID,Protein
UCAGACUUUU,RNA
GGCAATGAAG,DNA
UCAGACUUUU,RNA
GGCAGATCTG,DNA
TKPYRGHRFT,Hybrid
DIQMTQSPSS,Protein
GGCAATCATG,Hybrid
NTKYNKEFLL,Hybrid
GQNHHEVVKF,Protein
CTGACCTACA,DNA
UCAGACUUUU,RNA
VVSLDKPFMY,Hybrid
AAAGATATCT,Hybrid
GTCGCCATAA,Hybrid
VHLTPEEKSA,Protein
GGCAAUGAAG,RNA
GCGAAUUCGC,RNA
MIKSALLVLE,Protein
RPDFCLEPPY,Protein
ATCAATATCC,Hybrid
TCCCGTTTCC,DNA
HLIPAQQRTV,Protein
ASDHQTQAGK,Protein
NTKYNKEFLL,Hybrid
GGUUGGUGUG,RNA
KVFGRCELAA,Protein
CAUGGCCAUG,RNA
GUACAAAGUA,RNA
CCGATGCCAC,Hybrid
GGGAUACUGC,RNA
SGPRPRGTRG,Hybrid
GUACAAAGUA,RNA
TGCACGGACT,DNA
GGUGCAGAAA,RNA
ACDYTCGSNC,Hybrid
ASNFTQFVLV,Hybrid
GGTAACAATG,DNA
GEEELQENQE,Protein
GGTTGGTGTG,DNA
GGGUCUUCGG,RNA
XMEIDKELAP,Protein
PPHPQDLEIT,Protein
CGCGAATTCG,DNA
CCATCGCTAC,DNA
GGUUAAGCGA,RNA
ASNFTQFVLV,Hybrid
GAGAGAXTCT,DNA
MIQQESRLKV,Hybrid
TATGGATCCA,Hybrid
GCTTCTCTTC,DNA
GCATGCATAT,Hybrid
GGCACCUCCU,RNA
GAACCGGUUC,RNA
ACGTGCCTGA,DNA
TGCATTTCCC,Hybrid
TIGMIALDAQ,Protein
APDSVDYRKK,Protein
MNIRPLHDRV,Protein
MYEPKPEHRF,Protein
GGCAACGGAU,RNA
GGACUAGCGG,RNA
GAACCGGUUC,RNA
GCACCGAACC,RNA
GGCAGAUCUG,RNA
GGAAGTGAGA,DNA
GGTTGGTGTG,DNA
CCGACGGCGC,Hybrid
UGCCUGGCGG,RNA
GCAUGUGUAC,RNA
GCACCGAACC,RNA
GGTAGGATGG,DNA
LNKGQRHIKI,Protein
MAPFLRISFN,Protein
SLRSDLINAL,Hybrid
TCAGACTTTT,DNA
SRPLSDQEKR,Protein
UCCCGUUUCC,RNA
GGTGCAGAAA,DNA
GGCAGGUGGU,RNA
GGCAGATCTG,DNA
ASNTNLIVNY,Hybrid
LTQETVINID,Protein
GCACCGAACC,DNA
QASNHTFYPW,Hybrid
MAQPAAIIRI,Protein
PLREPRGLGP,Protein
GGGATACTGC,DNA
GAGAGAXUCU,RNA
KKRRKTRKES,Hybrid
GTACAAAGTA,DNA
MKGMSKMPQV,Hybrid
KRHRKVLRDN,Hybrid
ACAUGAGGAU,Hybrid
MKKAVINGEQ,Protein
GACAGGATGT,Hybrid
GGTTGGTGTG,DNA
TEKKYIVALD,Protein
MASHMERDPQ,Protein
MKGMSKMPQV,Hybrid
GGGATACTGC,DNA
GQANHPTAAV,Hybrid
AACGCUACCA,RNA
UCCGUGAUAG,Hybrid
CGTACXCATG,DNA
GCGAATTCGC,DNA
GGCAATGAAG,DNA
GGCGUCACAC,RNA
GGUUGGUGUG,RNA
GCATGAGTAC,DNA
GGAGTGCTTC,DNA
ATTAGGTTAG,Hybrid
GGUUAAGCGA,RNA
GCATGCGTAC,DNA
UCAGACUUUU,RNA
GGCAGAGUCC,Hybrid
AACGCTACCA,DNA
UCAGACUUUU,RNA
UCAGACUUUU,RNA
IQRTPKIQVY,Protein
CGTACXCATG,DNA
GGUUAAGCGA,RNA
GGUCAAAAUG,Hybrid
MEMEKEFEQI,Protein
TKPYRGHRFT,Hybrid
EAEAGSVASL,Protein
QLTPTFYDNS,Protein
XRYPYYLSDI,Protein
AAAGATATCT,Hybrid
GGCACCTCCT,DNA
GAUGGCCGAG,RNA
CTAGGTCAAA,Hybrid
GGTTAAGCGA,DNA
GGGATACTGC,DNA
GGCAGAUCUG,RNA
CGCGAATTTG,DNA
TCTTCCTTTT,DNA
EAEAGSVASL,Protein
TGCGTGTAAA,Hybrid
MLEQPYLDLA,Protein
GGAAGUGAGA,RNA
GRLFKITACV,Protein
VNPTVFFDIA,Protein
NGAUUAUCUG,RNA
MPRLKVKLVK,Protein
VINTLDGVAD,Protein
CTGACCTACA,DNA
GCUUCUCUUC,RNA
MSGDENPASK,Protein
GGCAATGAAG,DNA
GCTCCCAGGC,Hybrid
GGAAGTGAGA,DNA
VFGGDECNIN,Protein
MKAPVRVAVT,Protein
AAAGATATCT,Hybrid
GCATGCATAT,Hybrid
GCAAAACGTC,Hybrid
UGCCUGGCGG,RNA
CDFSEEQTAE,Protein
GDTRPRFLWQ,Protein
GCATGCATAT,Hybrid
GACTGAGAGA,DNA
EASVSIDAKF,Protein
ATCAATATCC,Hybrid
SLRSDLINAL,Hybrid
GGTTAAGCGA,DNA
AACGCUACCA,RNA
AKLGSVYTEG,Protein
ITRKLILAGN,Protein
MSKRKAPQET,Hybrid
CGCAUNGUUA,RNA
GGCAAUGAAG,RNA
GSFTKHICAI,Hybrid
EKRRDNRGRI,Hybrid
GCTLSAEDKA,Protein
AAAGATATCT,Hybrid
KKYAKSKYDF,Protein
GGCAATGAAG,DNA
GGAGTGCTTC,DNA
GCAUGGGUAC,RNA
GGGACCAGAA,DNA
GGTTAAGCGA,DNA
AEQVTKSVLF,Protein
GNYKKPKLLY,Protein
UCUUCCUUUU,RNA
MSSSAMPDVP,Protein
PFITVGQENS,Protein
GGCAGATCTG,DNA
GGTTAAGCGA,DNA
CCAGGCCUGG,RNA
AACGCUACCA,RNA
ACAACUGCAG,RNA
AGLSPEEQIE,Protein
GCUCCAGAUG,RNA
STAGKVIKCK,Protein
ATTAGGTTAG,Hybrid
GGUUAAGCGA,RNA
GGCAACGGAT,DNA
GSADAEYDVV,Protein
GGGAUACUGC,RNA
GGGAUACUGC,RNA
GCGAAUUCGC,RNA
GGTTGGTGTG,DNA
TGCATTTACG,Hybrid
GGCGACGGTG,DNA
GGGAUACUGC,RNA
GGUUGGUGUG,RNA
CGCGAAUUCG,RNA
UCAGACUUUU,RNA
GCAUGAGUAC,RNA
CGCAAAAATG,DNA
GGGTCTTCGG,DNA
